label_name,bbox_x,bbox_y,bbox_width,bbox_height,image_name,width,height
stamen,279,775,971,955,DJI_0544\DJI_0544.JPG,5280,3956
stamen,1025,955,1075,816,DJI_0544\DJI_0544.JPG,5280,3956
stamen,1004,1888,829,533,DJI_0544\DJI_0544.JPG,5280,3956
stamen,2429,2350,604,538,DJI_0544\DJI_0544.JPG,5280,3956
stamen,264,3015,1084,941,DJI_0544\DJI_0544.JPG,5280,3956
stamen,1461,3197,794,741,DJI_0544\DJI_0544.JPG,5280,3956
stamen,1750,2647,755,716,DJI_0544\DJI_0544.JPG,5280,3956
stamen,2382,2744,613,523,DJI_0544\DJI_0544.JPG,5280,3956
stamen,2164,1308,761,789,DJI_0544\DJI_0544.JPG,5280,3956
stamen,2532,1960,720,587,DJI_0544\DJI_0544.JPG,5280,3956
stamen,2830,3492,654,464,DJI_0544\DJI_0544.JPG,5280,3956
stamen,3557,2999,688,702,DJI_0544\DJI_0544.JPG,5280,3956
stamen,3825,2006,618,588,DJI_0544\DJI_0544.JPG,5280,3956
stamen,3030,1254,556,402,DJI_0544\DJI_0544.JPG,5280,3956
stamen,3666,683,661,493,DJI_0544\DJI_0544.JPG,5280,3956
stamen,1627,122,609,522,DJI_0544\DJI_0544.JPG,5280,3956
stamen,4237,1426,659,478,DJI_0544\DJI_0544.JPG,5280,3956
stamen,4308,2680,902,761,DJI_0544\DJI_0544.JPG,5280,3956
stamen,4833,515,446,457,DJI_0544\DJI_0544.JPG,5280,3956
stamen,4356,957,438,292,DJI_0544\DJI_0544.JPG,5280,3956
stamen,3223,325,539,568,DJI_0544\DJI_0544.JPG,5280,3956
stamen,397,1,915,496,DJI_0534\DJI_0534.JPG,5280,3956
stamen,1888,3,441,465,DJI_0534\DJI_0534.JPG,5280,3956
stamen,3344,391,471,506,DJI_0534\DJI_0534.JPG,5280,3956
stamen,556,706,926,1159,DJI_0534\DJI_0534.JPG,5280,3956
stamen,1332,674,1015,1205,DJI_0534\DJI_0534.JPG,5280,3956
stamen,2291,753,756,609,DJI_0534\DJI_0534.JPG,5280,3956
stamen,2129,1285,727,803,DJI_0534\DJI_0534.JPG,5280,3956
stamen,2776,1100,848,882,DJI_0534\DJI_0534.JPG,5280,3956
stamen,1,2400,602,471,DJI_0534\DJI_0534.JPG,5280,3956
stamen,688,2748,1060,771,DJI_0534\DJI_0534.JPG,5280,3956
stamen,2297,1856,1032,1041,DJI_0534\DJI_0534.JPG,5280,3956
stamen,1929,2682,1262,856,DJI_0534\DJI_0534.JPG,5280,3956
stamen,3118,2318,723,867,DJI_0534\DJI_0534.JPG,5280,3956
stamen,4431,330,776,583,DJI_0534\DJI_0534.JPG,5280,3956
stamen,4448,1722,831,979,DJI_0534\DJI_0534.JPG,5280,3956
stamen,4272,1629,398,478,DJI_0534\DJI_0534.JPG,5280,3956
stamen,4484,3531,764,424,DJI_0534\DJI_0534.JPG,5280,3956
stamen,2342,3678,239,248,DJI_0534\DJI_0534.JPG,5280,3956
stamen,2150,3699,231,256,DJI_0534\DJI_0534.JPG,5280,3956
stamen,4478,0,723,419,DJI_0534\DJI_0534.JPG,5280,3956
stamen,2807,3664,665,291,DJI_0534\DJI_0534.JPG,5280,3956
stamen,1142,2342,765,677,DJI_0534\DJI_0534.JPG,5280,3956
stamen,713,2478,512,288,DJI_0534\DJI_0534.JPG,5280,3956
stamen,4342,1213,606,400,DJI_0534\DJI_0534.JPG,5280,3956
stamen,4819,1030,460,499,DJI_0534\DJI_0534.JPG,5280,3956
stamen,5080,829,199,221,DJI_0534\DJI_0534.JPG,5280,3956
stamen,4968,3312,311,410,DJI_0534\DJI_0534.JPG,5280,3956
stamen,5035,2969,119,120,DJI_0534\DJI_0534.JPG,5280,3956
stamen,5039,3135,152,144,DJI_0534\DJI_0534.JPG,5280,3956
stamen,191,1546,509,367,DJI_0548\DJI_0548.JPG,5280,3956
stamen,576,779,600,550,DJI_0548\DJI_0548.JPG,5280,3956
stamen,1,791,373,480,DJI_0548\DJI_0548.JPG,5280,3956
stamen,297,238,491,271,DJI_0548\DJI_0548.JPG,5280,3956
stamen,2091,862,385,512,DJI_0548\DJI_0548.JPG,5280,3956
stamen,626,2094,1156,891,DJI_0548\DJI_0548.JPG,5280,3956
stamen,1838,2274,788,773,DJI_0548\DJI_0548.JPG,5280,3956
stamen,1712,3109,397,467,DJI_0548\DJI_0548.JPG,5280,3956
stamen,1559,3506,715,450,DJI_0548\DJI_0548.JPG,5280,3956
stamen,979,3509,671,447,DJI_0548\DJI_0548.JPG,5280,3956
stamen,2365,3391,700,403,DJI_0548\DJI_0548.JPG,5280,3956
stamen,3124,2712,770,962,DJI_0548\DJI_0548.JPG,5280,3956
stamen,3812,2315,703,664,DJI_0548\DJI_0548.JPG,5280,3956
stamen,2847,2309,482,265,DJI_0548\DJI_0548.JPG,5280,3956
stamen,2976,1647,730,679,DJI_0548\DJI_0548.JPG,5280,3956
stamen,2962,906,900,820,DJI_0548\DJI_0548.JPG,5280,3956
stamen,3947,1521,465,470,DJI_0548\DJI_0548.JPG,5280,3956
stamen,4294,638,680,659,DJI_0548\DJI_0548.JPG,5280,3956
stamen,3776,3441,539,450,DJI_0548\DJI_0548.JPG,5280,3956
stamen,3000,82,441,492,DJI_0548\DJI_0548.JPG,5280,3956
stamen,3388,1,665,228,DJI_0548\DJI_0548.JPG,5280,3956
stamen,566,1,529,295,DJI_0554\DJI_0554.JPG,5280,3956
stamen,1,463,485,654,DJI_0554\DJI_0554.JPG,5280,3956
stamen,1,1,372,437,DJI_0554\DJI_0554.JPG,5280,3956
stamen,716,356,795,852,DJI_0554\DJI_0554.JPG,5280,3956
stamen,1645,1974,571,511,DJI_0554\DJI_0554.JPG,5280,3956
stamen,1161,2438,819,888,DJI_0554\DJI_0554.JPG,5280,3956
stamen,1055,938,822,811,DJI_0554\DJI_0554.JPG,5280,3956
stamen,1307,388,604,491,DJI_0554\DJI_0554.JPG,5280,3956
stamen,1441,1,602,439,DJI_0554\DJI_0554.JPG,5280,3956
stamen,1886,1,957,809,DJI_0554\DJI_0554.JPG,5280,3956
stamen,1782,2829,618,627,DJI_0554\DJI_0554.JPG,5280,3956
stamen,3234,2572,585,534,DJI_0554\DJI_0554.JPG,5280,3956
stamen,3261,1476,346,384,DJI_0554\DJI_0554.JPG,5280,3956
stamen,2766,774,866,807,DJI_0554\DJI_0554.JPG,5280,3956
stamen,3591,610,634,682,DJI_0554\DJI_0554.JPG,5280,3956
stamen,2961,265,762,689,DJI_0554\DJI_0554.JPG,5280,3956
stamen,3530,2,738,579,DJI_0554\DJI_0554.JPG,5280,3956
stamen,4857,1,423,734,DJI_0554\DJI_0554.JPG,5280,3956
stamen,4301,335,867,701,DJI_0554\DJI_0554.JPG,5280,3956
stamen,4645,1429,555,404,DJI_0554\DJI_0554.JPG,5280,3956
stamen,4243,3419,702,537,DJI_0554\DJI_0554.JPG,5280,3956
stamen,1082,78,381,353,DJI_0554\DJI_0554.JPG,5280,3956
stamen,1,871,1115,700,DJI_0550\DJI_0550.JPG,5280,3956
stamen,1,94,738,816,DJI_0550\DJI_0550.JPG,5280,3956
stamen,398,1665,836,768,DJI_0550\DJI_0550.JPG,5280,3956
stamen,1,2297,756,441,DJI_0550\DJI_0550.JPG,5280,3956
stamen,1027,2565,323,293,DJI_0550\DJI_0550.JPG,5280,3956
stamen,1141,2492,825,768,DJI_0550\DJI_0550.JPG,5280,3956
stamen,873,3158,552,371,DJI_0550\DJI_0550.JPG,5280,3956
stamen,1,3090,422,527,DJI_0550\DJI_0550.JPG,5280,3956
stamen,1859,2319,357,296,DJI_0550\DJI_0550.JPG,5280,3956
stamen,2145,2581,1010,798,DJI_0550\DJI_0550.JPG,5280,3956
stamen,2375,3722,536,234,DJI_0550\DJI_0550.JPG,5280,3956
stamen,3448,2567,520,573,DJI_0550\DJI_0550.JPG,5280,3956
stamen,3752,2283,618,598,DJI_0550\DJI_0550.JPG,5280,3956
stamen,2770,1876,760,618,DJI_0550\DJI_0550.JPG,5280,3956
stamen,2434,1949,275,284,DJI_0550\DJI_0550.JPG,5280,3956
stamen,2605,1276,463,534,DJI_0550\DJI_0550.JPG,5280,3956
stamen,3050,1001,793,771,DJI_0550\DJI_0550.JPG,5280,3956
stamen,1939,763,636,468,DJI_0550\DJI_0550.JPG,5280,3956
stamen,3793,935,634,787,DJI_0550\DJI_0550.JPG,5280,3956
stamen,3552,374,557,584,DJI_0550\DJI_0550.JPG,5280,3956
stamen,2861,242,748,580,DJI_0550\DJI_0550.JPG,5280,3956
stamen,2366,408,475,475,DJI_0550\DJI_0550.JPG,5280,3956
stamen,1411,1,573,559,DJI_0550\DJI_0550.JPG,5280,3956
stamen,1109,1563,616,586,DJI_0550\DJI_0550.JPG,5280,3956
stamen,36,3338,1130,618,DJI_0550\DJI_0550.JPG,5280,3956
stamen,1066,115,782,457,DJI_0561\DJI_0561.JPG,5280,3956
stamen,1,1522,1076,766,DJI_0561\DJI_0561.JPG,5280,3956
stamen,81,2281,797,673,DJI_0561\DJI_0561.JPG,5280,3956
stamen,907,2560,788,694,DJI_0561\DJI_0561.JPG,5280,3956
stamen,709,3138,348,381,DJI_0561\DJI_0561.JPG,5280,3956
stamen,1,3676,579,280,DJI_0561\DJI_0561.JPG,5280,3956
stamen,1577,3190,759,766,DJI_0561\DJI_0561.JPG,5280,3956
stamen,945,3721,327,235,DJI_0561\DJI_0561.JPG,5280,3956
stamen,1711,2251,587,396,DJI_0561\DJI_0561.JPG,5280,3956
stamen,2757,3033,595,646,DJI_0561\DJI_0561.JPG,5280,3956
stamen,2275,3479,566,477,DJI_0561\DJI_0561.JPG,5280,3956
stamen,2150,1324,668,627,DJI_0561\DJI_0561.JPG,5280,3956
stamen,3507,1819,891,782,DJI_0561\DJI_0561.JPG,5280,3956
stamen,3570,2544,855,885,DJI_0561\DJI_0561.JPG,5280,3956
stamen,3439,3235,888,721,DJI_0561\DJI_0561.JPG,5280,3956
stamen,4248,3138,638,818,DJI_0561\DJI_0561.JPG,5280,3956
stamen,2800,808,398,327,DJI_0561\DJI_0561.JPG,5280,3956
stamen,2793,1,637,771,DJI_0561\DJI_0561.JPG,5280,3956
stamen,2284,197,480,391,DJI_0561\DJI_0561.JPG,5280,3956
stamen,3986,1,562,387,DJI_0561\DJI_0561.JPG,5280,3956
stamen,3609,1191,394,345,DJI_0561\DJI_0561.JPG,5280,3956
stamen,5011,2045,224,216,DJI_0561\DJI_0561.JPG,5280,3956
stamen,662,1980,1254,833,DJI_0553\DJI_0553.JPG,5280,3956
stamen,405,1367,695,448,DJI_0553\DJI_0553.JPG,5280,3956
stamen,1255,558,693,711,DJI_0553\DJI_0553.JPG,5280,3956
stamen,473,51,597,571,DJI_0553\DJI_0553.JPG,5280,3956
stamen,1330,1215,684,689,DJI_0553\DJI_0553.JPG,5280,3956
stamen,1725,1379,1014,881,DJI_0553\DJI_0553.JPG,5280,3956
stamen,975,2685,757,525,DJI_0553\DJI_0553.JPG,5280,3956
stamen,1534,3635,586,321,DJI_0553\DJI_0553.JPG,5280,3956
stamen,2682,2338,736,695,DJI_0553\DJI_0553.JPG,5280,3956
stamen,2907,1838,800,831,DJI_0553\DJI_0553.JPG,5280,3956
stamen,3516,2101,757,700,DJI_0553\DJI_0553.JPG,5280,3956
stamen,3214,2926,429,425,DJI_0553\DJI_0553.JPG,5280,3956
stamen,3570,1406,557,607,DJI_0553\DJI_0553.JPG,5280,3956
stamen,3527,840,853,666,DJI_0553\DJI_0553.JPG,5280,3956
stamen,3107,733,450,580,DJI_0553\DJI_0553.JPG,5280,3956
stamen,4073,263,579,538,DJI_0553\DJI_0553.JPG,5280,3956
stamen,2943,1,371,253,DJI_0553\DJI_0553.JPG,5280,3956
stamen,1,1995,577,385,DJI_0540\DJI_0540.JPG,5280,3956
stamen,1,1,832,774,DJI_0540\DJI_0540.JPG,5280,3956
stamen,1,913,769,737,DJI_0540\DJI_0540.JPG,5280,3956
stamen,1354,1283,836,618,DJI_0540\DJI_0540.JPG,5280,3956
stamen,1091,1,617,770,DJI_0540\DJI_0540.JPG,5280,3956
stamen,1591,217,821,754,DJI_0540\DJI_0540.JPG,5280,3956
stamen,2316,59,825,771,DJI_0540\DJI_0540.JPG,5280,3956
stamen,2095,2595,683,688,DJI_0540\DJI_0540.JPG,5280,3956
stamen,2329,3095,902,861,DJI_0540\DJI_0540.JPG,5280,3956
stamen,3400,2442,495,417,DJI_0540\DJI_0540.JPG,5280,3956
stamen,3808,1072,623,524,DJI_0540\DJI_0540.JPG,5280,3956
stamen,3878,1342,770,788,DJI_0540\DJI_0540.JPG,5280,3956
stamen,3995,2842,913,929,DJI_0540\DJI_0540.JPG,5280,3956
stamen,4619,2478,660,852,DJI_0540\DJI_0540.JPG,5280,3956
stamen,2600,1930,419,366,DJI_0540\DJI_0540.JPG,5280,3956
stamen,3084,2054,606,559,DJI_0540\DJI_0540.JPG,5280,3956
stamen,1783,1942,608,504,DJI_0540\DJI_0540.JPG,5280,3956
stamen,554,2201,769,338,DJI_0540\DJI_0540.JPG,5280,3956
stamen,1005,1435,501,435,DJI_0540\DJI_0540.JPG,5280,3956
stamen,4617,0,200,256,DJI_0540\DJI_0540.JPG,5280,3956
stamen,5024,0,255,132,DJI_0540\DJI_0540.JPG,5280,3956
stamen,96,454,523,560,DJI_0606\DJI_0606.JPG,5280,3956
stamen,950,344,812,625,DJI_0606\DJI_0606.JPG,5280,3956
stamen,1054,1001,712,469,DJI_0606\DJI_0606.JPG,5280,3956
stamen,839,1381,917,605,DJI_0606\DJI_0606.JPG,5280,3956
stamen,603,2319,663,715,DJI_0606\DJI_0606.JPG,5280,3956
stamen,95,2936,925,813,DJI_0606\DJI_0606.JPG,5280,3956
stamen,933,2845,908,779,DJI_0606\DJI_0606.JPG,5280,3956
stamen,1508,2541,862,816,DJI_0606\DJI_0606.JPG,5280,3956
stamen,2245,1161,638,675,DJI_0606\DJI_0606.JPG,5280,3956
stamen,2133,1,775,609,DJI_0606\DJI_0606.JPG,5280,3956
stamen,3225,394,329,304,DJI_0606\DJI_0606.JPG,5280,3956
stamen,3842,230,914,1083,DJI_0606\DJI_0606.JPG,5280,3956
stamen,4645,306,635,889,DJI_0606\DJI_0606.JPG,5280,3956
stamen,4525,1757,755,717,DJI_0606\DJI_0606.JPG,5280,3956
stamen,4183,2441,554,500,DJI_0606\DJI_0606.JPG,5280,3956
stamen,3423,2313,777,473,DJI_0606\DJI_0606.JPG,5280,3956
stamen,2904,3066,629,566,DJI_0606\DJI_0606.JPG,5280,3956
stamen,2875,1924,658,558,DJI_0606\DJI_0606.JPG,5280,3956
stamen,2370,3511,1038,445,DJI_0606\DJI_0606.JPG,5280,3956
stamen,604,3603,912,353,DJI_0606\DJI_0606.JPG,5280,3956
stamen,4910,2537,369,454,DJI_0606\DJI_0606.JPG,5280,3956
stamen,1862,1058,460,272,DJI_0606\DJI_0606.JPG,5280,3956
stamen,2897,0,537,355,DJI_0606\DJI_0606.JPG,5280,3956
stamen,4885,1290,394,548,DJI_0606\DJI_0606.JPG,5280,3956
stamen,3519,424,576,761,DJI_0605\DJI_0605.JPG,5280,3956
stamen,3558,41,238,316,DJI_0605\DJI_0605.JPG,5280,3956
stamen,2934,0,161,289,DJI_0605\DJI_0605.JPG,5280,3956
stamen,4252,600,364,292,DJI_0605\DJI_0605.JPG,5280,3956
stamen,4883,988,396,472,DJI_0605\DJI_0605.JPG,5280,3956
stamen,4317,0,225,192,DJI_0605\DJI_0605.JPG,5280,3956
stamen,4825,1928,454,377,DJI_0605\DJI_0605.JPG,5280,3956
stamen,4236,1760,431,238,DJI_0605\DJI_0605.JPG,5280,3956
stamen,4030,2027,156,152,DJI_0605\DJI_0605.JPG,5280,3956
stamen,3532,2288,510,490,DJI_0605\DJI_0605.JPG,5280,3956
stamen,3137,2017,150,189,DJI_0605\DJI_0605.JPG,5280,3956
stamen,2972,1762,121,152,DJI_0605\DJI_0605.JPG,5280,3956
stamen,2807,1352,168,215,DJI_0605\DJI_0605.JPG,5280,3956
stamen,3197,1365,47,80,DJI_0605\DJI_0605.JPG,5280,3956
stamen,3366,1420,63,72,DJI_0605\DJI_0605.JPG,5280,3956
stamen,2938,632,330,413,DJI_0605\DJI_0605.JPG,5280,3956
stamen,3075,371,94,151,DJI_0605\DJI_0605.JPG,5280,3956
stamen,2354,323,194,260,DJI_0605\DJI_0605.JPG,5280,3956
stamen,2181,511,188,171,DJI_0605\DJI_0605.JPG,5280,3956
stamen,2207,722,98,116,DJI_0605\DJI_0605.JPG,5280,3956
stamen,1903,640,254,323,DJI_0605\DJI_0605.JPG,5280,3956
stamen,703,2016,902,514,DJI_0605\DJI_0605.JPG,5280,3956
stamen,1367,1432,940,829,DJI_0605\DJI_0605.JPG,5280,3956
stamen,2434,2081,214,220,DJI_0605\DJI_0605.JPG,5280,3956
stamen,2390,1474,159,189,DJI_0605\DJI_0605.JPG,5280,3956
stamen,3048,2475,437,546,DJI_0605\DJI_0605.JPG,5280,3956
stamen,3960,2890,254,276,DJI_0605\DJI_0605.JPG,5280,3956
stamen,4410,3371,359,386,DJI_0605\DJI_0605.JPG,5280,3956
stamen,5148,2698,131,502,DJI_0605\DJI_0605.JPG,5280,3956
stamen,4914,2926,143,111,DJI_0605\DJI_0605.JPG,5280,3956
stamen,4265,2850,274,203,DJI_0605\DJI_0605.JPG,5280,3956
stamen,3267,3133,311,297,DJI_0605\DJI_0605.JPG,5280,3956
stamen,3243,3469,429,486,DJI_0605\DJI_0605.JPG,5280,3956
stamen,2455,3354,457,465,DJI_0605\DJI_0605.JPG,5280,3956
stamen,2520,3175,177,204,DJI_0605\DJI_0605.JPG,5280,3956
stamen,2447,3034,148,148,DJI_0605\DJI_0605.JPG,5280,3956
stamen,1802,2392,425,360,DJI_0605\DJI_0605.JPG,5280,3956
stamen,1424,3006,409,315,DJI_0605\DJI_0605.JPG,5280,3956
stamen,1622,2719,281,196,DJI_0605\DJI_0605.JPG,5280,3956
stamen,1310,2518,304,171,DJI_0605\DJI_0605.JPG,5280,3956
stamen,0,2559,1237,575,DJI_0605\DJI_0605.JPG,5280,3956
stamen,27,3260,794,600,DJI_0605\DJI_0605.JPG,5280,3956
stamen,182,464,1093,847,DJI_0605\DJI_0605.JPG,5280,3956
stamen,0,1029,677,603,DJI_0605\DJI_0605.JPG,5280,3956
stamen,376,30,464,467,DJI_0605\DJI_0605.JPG,5280,3956
stamen,0,123,425,460,DJI_0605\DJI_0605.JPG,5280,3956
stamen,1875,3761,246,194,DJI_0605\DJI_0605.JPG,5280,3956
stamen,3746,1811,126,120,DJI_0605\DJI_0605.JPG,5280,3956
stamen,4879,0,400,239,DJI_0605\DJI_0605.JPG,5280,3956
stamen,1194,195,170,205,DJI_0605\DJI_0605.JPG,5280,3956
stamen,558,244,515,505,DJI_0615\DJI_0615.JPG,5280,3956
stamen,179,1274,871,712,DJI_0615\DJI_0615.JPG,5280,3956
stamen,2608,935,637,656,DJI_0615\DJI_0615.JPG,5280,3956
stamen,1831,348,766,599,DJI_0615\DJI_0615.JPG,5280,3956
stamen,3117,1,404,414,DJI_0615\DJI_0615.JPG,5280,3956
stamen,3263,223,822,880,DJI_0615\DJI_0615.JPG,5280,3956
stamen,3891,502,609,684,DJI_0615\DJI_0615.JPG,5280,3956
stamen,4387,94,492,504,DJI_0615\DJI_0615.JPG,5280,3956
stamen,3729,1978,384,288,DJI_0615\DJI_0615.JPG,5280,3956
stamen,3400,2678,878,638,DJI_0615\DJI_0615.JPG,5280,3956
stamen,3653,3264,719,575,DJI_0615\DJI_0615.JPG,5280,3956
stamen,2901,2736,526,421,DJI_0615\DJI_0615.JPG,5280,3956
stamen,2704,3245,946,711,DJI_0615\DJI_0615.JPG,5280,3956
stamen,1800,3513,572,443,DJI_0615\DJI_0615.JPG,5280,3956
stamen,837,3541,929,415,DJI_0615\DJI_0615.JPG,5280,3956
stamen,1705,1501,704,818,DJI_0615\DJI_0615.JPG,5280,3956
stamen,2286,1690,782,750,DJI_0615\DJI_0615.JPG,5280,3956
stamen,4761,2822,519,645,DJI_0615\DJI_0615.JPG,5280,3956
stamen,4106,28,273,297,DJI_0615\DJI_0615.JPG,5280,3956
stamen,2325,3621,677,334,DJI_0615\DJI_0615.JPG,5280,3956
stamen,556,0,310,259,DJI_0615\DJI_0615.JPG,5280,3956
stamen,1072,676,444,123,DJI_0615\DJI_0615.JPG,5280,3956
stamen,1566,684,450,498,DJI_0615\DJI_0615.JPG,5280,3956
stamen,2542,2896,545,446,DJI_0615\DJI_0615.JPG,5280,3956
stamen,1779,2356,772,716,DJI_0615\DJI_0615.JPG,5280,3956
stamen,3017,1947,732,713,DJI_0615\DJI_0615.JPG,5280,3956
stamen,3966,1514,351,375,DJI_0615\DJI_0615.JPG,5280,3956
stamen,4107,1985,614,550,DJI_0615\DJI_0615.JPG,5280,3956
stamen,2728,0,379,545,DJI_0615\DJI_0615.JPG,5280,3956
stamen,855,1780,748,613,DJI_0615\DJI_0615.JPG,5280,3956
stamen,0,1413,116,122,DJI_0615\DJI_0615.JPG,5280,3956
stamen,1,1,974,1216,DJI_0572\DJI_0572.JPG,5280,3956
stamen,950,63,800,783,DJI_0572\DJI_0572.JPG,5280,3956
stamen,1725,380,945,875,DJI_0572\DJI_0572.JPG,5280,3956
stamen,1091,1336,563,469,DJI_0572\DJI_0572.JPG,5280,3956
stamen,425,2978,1059,647,DJI_0572\DJI_0572.JPG,5280,3956
stamen,405,3584,855,372,DJI_0572\DJI_0572.JPG,5280,3956
stamen,1783,3092,1167,864,DJI_0572\DJI_0572.JPG,5280,3956
stamen,2900,3155,601,564,DJI_0572\DJI_0572.JPG,5280,3956
stamen,1701,1576,620,496,DJI_0572\DJI_0572.JPG,5280,3956
stamen,2784,600,653,478,DJI_0572\DJI_0572.JPG,5280,3956
stamen,3490,480,818,574,DJI_0572\DJI_0572.JPG,5280,3956
stamen,4200,1,1080,599,DJI_0572\DJI_0572.JPG,5280,3956
stamen,4233,1063,575,454,DJI_0572\DJI_0572.JPG,5280,3956
stamen,4537,2386,743,556,DJI_0572\DJI_0572.JPG,5280,3956
stamen,4516,3225,763,705,DJI_0572\DJI_0572.JPG,5280,3956
stamen,3400,2605,758,700,DJI_0572\DJI_0572.JPG,5280,3956
stamen,2334,1824,605,559,DJI_0572\DJI_0572.JPG,5280,3956
stamen,2398,1124,577,614,DJI_0572\DJI_0572.JPG,5280,3956
stamen,699,1844,405,201,DJI_0572\DJI_0572.JPG,5280,3956
stamen,3569,0,518,270,DJI_0572\DJI_0572.JPG,5280,3956
stamen,1,218,524,712,DJI_0618\DJI_0618.JPG,5280,3956
stamen,1178,1,930,559,DJI_0618\DJI_0618.JPG,5280,3956
stamen,1,2174,1228,767,DJI_0618\DJI_0618.JPG,5280,3956
stamen,208,2724,1112,779,DJI_0618\DJI_0618.JPG,5280,3956
stamen,3800,1682,895,788,DJI_0618\DJI_0618.JPG,5280,3956
stamen,2970,1,683,622,DJI_0618\DJI_0618.JPG,5280,3956
stamen,4525,152,755,849,DJI_0618\DJI_0618.JPG,5280,3956
stamen,4533,2845,747,654,DJI_0618\DJI_0618.JPG,5280,3956
stamen,4550,3653,730,303,DJI_0618\DJI_0618.JPG,5280,3956
stamen,2734,1334,498,475,DJI_0618\DJI_0618.JPG,5280,3956
stamen,806,1474,408,260,DJI_0618\DJI_0618.JPG,5280,3956
stamen,2475,2995,483,441,DJI_0618\DJI_0618.JPG,5280,3956
stamen,3140,3263,509,519,DJI_0618\DJI_0618.JPG,5280,3956
stamen,4648,928,457,379,DJI_0618\DJI_0618.JPG,5280,3956
stamen,1714,2559,672,648,DJI_0618\DJI_0618.JPG,5280,3956
stamen,0,3070,190,449,DJI_0618\DJI_0618.JPG,5280,3956
stamen,506,0,722,492,DJI_0618\DJI_0618.JPG,5280,3956
stamen,4665,1237,423,659,DJI_0618\DJI_0618.JPG,5280,3956
stamen,4119,1323,627,450,DJI_0618\DJI_0618.JPG,5280,3956
stamen,2943,1898,817,1025,DJI_0618\DJI_0618.JPG,5280,3956
stamen,1400,951,344,529,DJI_0618\DJI_0618.JPG,5280,3956
stamen,1712,859,49,67,DJI_0618\DJI_0618.JPG,5280,3956
stamen,0,1332,158,384,DJI_0618\DJI_0618.JPG,5280,3956
stamen,191,1540,254,268,DJI_0618\DJI_0618.JPG,5280,3956
stamen,3678,337,323,411,DJI_0618\DJI_0618.JPG,5280,3956
stamen,1,379,985,550,DJI_0560\DJI_0560.JPG,5280,3956
stamen,1,1960,410,669,DJI_0560\DJI_0560.JPG,5280,3956
stamen,336,2129,657,461,DJI_0560\DJI_0560.JPG,5280,3956
stamen,1498,2067,586,502,DJI_0560\DJI_0560.JPG,5280,3956
stamen,2173,1,488,255,DJI_0560\DJI_0560.JPG,5280,3956
stamen,1836,469,678,710,DJI_0560\DJI_0560.JPG,5280,3956
stamen,2389,433,391,423,DJI_0560\DJI_0560.JPG,5280,3956
stamen,2066,1222,611,557,DJI_0560\DJI_0560.JPG,5280,3956
stamen,2225,2469,520,516,DJI_0560\DJI_0560.JPG,5280,3956
stamen,2561,2424,687,730,DJI_0560\DJI_0560.JPG,5280,3956
stamen,2861,1697,578,563,DJI_0560\DJI_0560.JPG,5280,3956
stamen,2727,3456,837,500,DJI_0560\DJI_0560.JPG,5280,3956
stamen,3220,2644,930,848,DJI_0560\DJI_0560.JPG,5280,3956
stamen,4159,2588,850,677,DJI_0560\DJI_0560.JPG,5280,3956
stamen,4005,3333,531,493,DJI_0560\DJI_0560.JPG,5280,3956
stamen,3284,765,734,584,DJI_0560\DJI_0560.JPG,5280,3956
stamen,4561,1167,598,848,DJI_0560\DJI_0560.JPG,5280,3956
stamen,4498,2088,691,531,DJI_0560\DJI_0560.JPG,5280,3956
stamen,2775,31,502,493,DJI_0560\DJI_0560.JPG,5280,3956
stamen,3218,1,714,348,DJI_0560\DJI_0560.JPG,5280,3956
stamen,3984,1,607,230,DJI_0560\DJI_0560.JPG,5280,3956
stamen,1190,2709,810,600,DJI_0533\DJI_0533.JPG,5280,3956
stamen,2200,2175,1008,1105,DJI_0533\DJI_0533.JPG,5280,3956
stamen,1766,1088,618,983,DJI_0533\DJI_0533.JPG,5280,3956
stamen,919,214,642,684,DJI_0533\DJI_0533.JPG,5280,3956
stamen,2983,1,1071,449,DJI_0533\DJI_0533.JPG,5280,3956
stamen,3942,1988,763,700,DJI_0533\DJI_0533.JPG,5280,3956
stamen,4091,3363,700,593,DJI_0533\DJI_0533.JPG,5280,3956
stamen,854,3521,933,435,DJI_0533\DJI_0533.JPG,5280,3956
stamen,1905,3446,957,510,DJI_0533\DJI_0533.JPG,5280,3956
stamen,1020,1071,813,917,DJI_0533\DJI_0533.JPG,5280,3956
stamen,2051,577,344,340,DJI_0533\DJI_0533.JPG,5280,3956
stamen,3200,910,346,354,DJI_0533\DJI_0533.JPG,5280,3956
stamen,4564,778,505,642,DJI_0533\DJI_0533.JPG,5280,3956
stamen,4030,889,574,465,DJI_0533\DJI_0533.JPG,5280,3956
stamen,4071,419,557,508,DJI_0533\DJI_0533.JPG,5280,3956
stamen,4366,1386,578,422,DJI_0533\DJI_0533.JPG,5280,3956
stamen,4880,2282,400,710,DJI_0533\DJI_0533.JPG,5280,3956
stamen,4404,2614,800,836,DJI_0533\DJI_0533.JPG,5280,3956
stamen,2688,1438,710,696,DJI_0533\DJI_0533.JPG,5280,3956
stamen,1514,176,490,412,DJI_0533\DJI_0533.JPG,5280,3956
stamen,2736,3368,614,534,DJI_0533\DJI_0533.JPG,5280,3956
stamen,3011,2426,589,615,DJI_0533\DJI_0533.JPG,5280,3956
stamen,4644,1,516,199,DJI_0533\DJI_0533.JPG,5280,3956
stamen,568,2433,460,334,DJI_0533\DJI_0533.JPG,5280,3956
stamen,158,1996,543,603,DJI_0533\DJI_0533.JPG,5280,3956
stamen,3879,1866,302,285,DJI_0533\DJI_0533.JPG,5280,3956
stamen,2448,1245,435,421,DJI_0533\DJI_0533.JPG,5280,3956
stamen,2261,1666,499,533,DJI_0533\DJI_0533.JPG,5280,3956
stamen,341,2966,377,457,DJI_0533\DJI_0533.JPG,5280,3956
stamen,1533,2302,543,533,DJI_0533\DJI_0533.JPG,5280,3956
stamen,1254,2536,283,198,DJI_0533\DJI_0533.JPG,5280,3956
stamen,1487,3327,271,350,DJI_0533\DJI_0533.JPG,5280,3956
stamen,4991,1165,288,206,DJI_0533\DJI_0533.JPG,5280,3956
stamen,3956,1542,384,314,DJI_0533\DJI_0533.JPG,5280,3956
stamen,491,1521,700,588,DJI_0549\DJI_0549.JPG,5280,3956
stamen,970,1096,867,700,DJI_0549\DJI_0549.JPG,5280,3956
stamen,1400,1992,620,521,DJI_0549\DJI_0549.JPG,5280,3956
stamen,1,1163,581,488,DJI_0549\DJI_0549.JPG,5280,3956
stamen,830,1,1045,571,DJI_0549\DJI_0549.JPG,5280,3956
stamen,1995,1,828,507,DJI_0549\DJI_0549.JPG,5280,3956
stamen,1668,699,793,889,DJI_0549\DJI_0549.JPG,5280,3956
stamen,1914,1533,770,855,DJI_0549\DJI_0549.JPG,5280,3956
stamen,2525,1872,657,577,DJI_0549\DJI_0549.JPG,5280,3956
stamen,2568,619,675,605,DJI_0549\DJI_0549.JPG,5280,3956
stamen,3266,194,798,787,DJI_0549\DJI_0549.JPG,5280,3956
stamen,3411,904,403,300,DJI_0549\DJI_0549.JPG,5280,3956
stamen,2945,1285,785,439,DJI_0549\DJI_0549.JPG,5280,3956
stamen,3734,1033,739,752,DJI_0549\DJI_0549.JPG,5280,3956
stamen,4048,2424,495,423,DJI_0549\DJI_0549.JPG,5280,3956
stamen,3525,3008,970,793,DJI_0549\DJI_0549.JPG,5280,3956
stamen,1839,3010,693,682,DJI_0549\DJI_0549.JPG,5280,3956
stamen,2470,3417,682,539,DJI_0549\DJI_0549.JPG,5280,3956
stamen,3075,3554,723,402,DJI_0549\DJI_0549.JPG,5280,3956
stamen,4211,3617,378,339,DJI_0549\DJI_0549.JPG,5280,3956
stamen,3484,1956,277,284,DJI_0549\DJI_0549.JPG,5280,3956
stamen,1,3109,511,650,DJI_0571\DJI_0571.JPG,5280,3956
stamen,316,3430,662,526,DJI_0571\DJI_0571.JPG,5280,3956
stamen,487,1805,1032,567,DJI_0571\DJI_0571.JPG,5280,3956
stamen,408,2359,946,660,DJI_0571\DJI_0571.JPG,5280,3956
stamen,1145,105,675,570,DJI_0571\DJI_0571.JPG,5280,3956
stamen,812,630,579,358,DJI_0571\DJI_0571.JPG,5280,3956
stamen,1708,263,717,642,DJI_0571\DJI_0571.JPG,5280,3956
stamen,1872,1848,1056,757,DJI_0571\DJI_0571.JPG,5280,3956
stamen,1613,3025,812,896,DJI_0571\DJI_0571.JPG,5280,3956
stamen,1095,3642,884,314,DJI_0571\DJI_0571.JPG,5280,3956
stamen,2937,1946,658,517,DJI_0571\DJI_0571.JPG,5280,3956
stamen,2350,3471,729,485,DJI_0571\DJI_0571.JPG,5280,3956
stamen,2337,617,717,592,DJI_0571\DJI_0571.JPG,5280,3956
stamen,2404,1,612,579,DJI_0571\DJI_0571.JPG,5280,3956
stamen,4282,1,484,241,DJI_0571\DJI_0571.JPG,5280,3956
stamen,4545,1159,735,537,DJI_0571\DJI_0571.JPG,5280,3956
stamen,4495,2013,785,592,DJI_0571\DJI_0571.JPG,5280,3956
stamen,4637,2780,643,592,DJI_0571\DJI_0571.JPG,5280,3956
stamen,4195,3642,571,313,DJI_0571\DJI_0571.JPG,5280,3956
stamen,3158,3759,554,197,DJI_0571\DJI_0571.JPG,5280,3956
stamen,3468,1415,623,602,DJI_0571\DJI_0571.JPG,5280,3956
stamen,187,138,758,533,DJI_0559\DJI_0559.JPG,5280,3956
stamen,280,1872,590,429,DJI_0559\DJI_0559.JPG,5280,3956
stamen,1,1781,347,561,DJI_0559\DJI_0559.JPG,5280,3956
stamen,1334,1860,664,548,DJI_0559\DJI_0559.JPG,5280,3956
stamen,1736,197,896,743,DJI_0559\DJI_0559.JPG,5280,3956
stamen,1927,888,648,643,DJI_0559\DJI_0559.JPG,5280,3956
stamen,2714,1474,593,566,DJI_0559\DJI_0559.JPG,5280,3956
stamen,2127,2201,987,648,DJI_0559\DJI_0559.JPG,5280,3956
stamen,2618,3169,871,787,DJI_0559\DJI_0559.JPG,5280,3956
stamen,3057,2329,970,850,DJI_0559\DJI_0559.JPG,5280,3956
stamen,3986,2263,800,731,DJI_0559\DJI_0559.JPG,5280,3956
stamen,3886,3431,598,525,DJI_0559\DJI_0559.JPG,5280,3956
stamen,3882,3038,529,516,DJI_0559\DJI_0559.JPG,5280,3956
stamen,4389,1819,743,546,DJI_0559\DJI_0559.JPG,5280,3956
stamen,4414,931,866,943,DJI_0559\DJI_0559.JPG,5280,3956
stamen,3152,519,791,632,DJI_0559\DJI_0559.JPG,5280,3956
stamen,2614,1,652,423,DJI_0559\DJI_0559.JPG,5280,3956
stamen,470,919,805,594,DJI_0543\DJI_0543.JPG,5280,3956
stamen,1239,313,722,670,DJI_0543\DJI_0543.JPG,5280,3956
stamen,289,1,984,873,DJI_0543\DJI_0543.JPG,5280,3956
stamen,575,2090,607,482,DJI_0543\DJI_0543.JPG,5280,3956
stamen,1650,2917,570,537,DJI_0543\DJI_0543.JPG,5280,3956
stamen,434,3649,766,307,DJI_0543\DJI_0543.JPG,5280,3956
stamen,1243,3676,475,280,DJI_0543\DJI_0543.JPG,5280,3956
stamen,2145,2185,1005,1078,DJI_0543\DJI_0543.JPG,5280,3956
stamen,3711,1894,598,562,DJI_0543\DJI_0543.JPG,5280,3956
stamen,4118,2399,498,414,DJI_0543\DJI_0543.JPG,5280,3956
stamen,4811,1915,469,673,DJI_0543\DJI_0543.JPG,5280,3956
stamen,3845,817,1014,598,DJI_0543\DJI_0543.JPG,5280,3956
stamen,3164,694,797,810,DJI_0543\DJI_0543.JPG,5280,3956
stamen,4239,1,779,353,DJI_0543\DJI_0543.JPG,5280,3956
stamen,4918,1,362,650,DJI_0543\DJI_0543.JPG,5280,3956
stamen,4816,765,464,464,DJI_0543\DJI_0543.JPG,5280,3956
stamen,1739,1,509,166,DJI_0543\DJI_0543.JPG,5280,3956
stamen,3329,3421,447,513,DJI_0543\DJI_0543.JPG,5280,3956
stamen,707,231,645,486,DJI_0558\DJI_0558.JPG,5280,3956
stamen,150,1033,1245,659,DJI_0558\DJI_0558.JPG,5280,3956
stamen,189,3219,1009,737,DJI_0558\DJI_0558.JPG,5280,3956
stamen,1270,1638,553,388,DJI_0558\DJI_0558.JPG,5280,3956
stamen,1823,2924,691,714,DJI_0558\DJI_0558.JPG,5280,3956
stamen,2716,2483,486,430,DJI_0558\DJI_0558.JPG,5280,3956
stamen,2586,3367,523,441,DJI_0558\DJI_0558.JPG,5280,3956
stamen,1243,494,657,607,DJI_0558\DJI_0558.JPG,5280,3956
stamen,1793,317,648,673,DJI_0558\DJI_0558.JPG,5280,3956
stamen,2425,994,689,623,DJI_0558\DJI_0558.JPG,5280,3956
stamen,3241,1,582,446,DJI_0558\DJI_0558.JPG,5280,3956
stamen,3148,733,677,950,DJI_0558\DJI_0558.JPG,5280,3956
stamen,3707,485,800,869,DJI_0558\DJI_0558.JPG,5280,3956
stamen,3184,1701,655,448,DJI_0558\DJI_0558.JPG,5280,3956
stamen,3273,2358,700,686,DJI_0558\DJI_0558.JPG,5280,3956
stamen,3059,3217,677,587,DJI_0558\DJI_0558.JPG,5280,3956
stamen,3714,3349,729,523,DJI_0558\DJI_0558.JPG,5280,3956
stamen,4351,2709,797,686,DJI_0558\DJI_0558.JPG,5280,3956
stamen,3729,0,498,432,DJI_0558\DJI_0558.JPG,5280,3956
stamen,25,338,1162,954,DJI_0552\DJI_0552.JPG,5280,3956
stamen,380,1983,670,714,DJI_0552\DJI_0552.JPG,5280,3956
stamen,248,3447,822,509,DJI_0552\DJI_0552.JPG,5280,3956
stamen,986,2576,803,775,DJI_0552\DJI_0552.JPG,5280,3956
stamen,1941,1390,384,302,DJI_0552\DJI_0552.JPG,5280,3956
stamen,1345,3385,1010,571,DJI_0552\DJI_0552.JPG,5280,3956
stamen,2277,3519,464,357,DJI_0552\DJI_0552.JPG,5280,3956
stamen,2395,929,760,543,DJI_0552\DJI_0552.JPG,5280,3956
stamen,2911,1613,450,450,DJI_0552\DJI_0552.JPG,5280,3956
stamen,3130,2649,452,480,DJI_0552\DJI_0552.JPG,5280,3956
stamen,3559,2835,880,637,DJI_0552\DJI_0552.JPG,5280,3956
stamen,3623,3419,570,537,DJI_0552\DJI_0552.JPG,5280,3956
stamen,3993,2104,655,688,DJI_0552\DJI_0552.JPG,5280,3956
stamen,4625,3415,655,541,DJI_0552\DJI_0552.JPG,5280,3956
stamen,254,855,596,525,DJI_0541\DJI_0541.JPG,5280,3956
stamen,800,534,925,762,DJI_0541\DJI_0541.JPG,5280,3956
stamen,2229,705,631,873,DJI_0541\DJI_0541.JPG,5280,3956
stamen,2716,167,792,721,DJI_0541\DJI_0541.JPG,5280,3956
stamen,3766,205,667,737,DJI_0541\DJI_0541.JPG,5280,3956
stamen,4250,1,525,449,DJI_0541\DJI_0541.JPG,5280,3956
stamen,4516,292,764,775,DJI_0541\DJI_0541.JPG,5280,3956
stamen,841,1700,792,680,DJI_0541\DJI_0541.JPG,5280,3956
stamen,2966,1075,838,742,DJI_0541\DJI_0541.JPG,5280,3956
stamen,3895,1350,1100,713,DJI_0541\DJI_0541.JPG,5280,3956
stamen,1854,2675,804,705,DJI_0541\DJI_0541.JPG,5280,3956
stamen,2545,1950,392,409,DJI_0541\DJI_0541.JPG,5280,3956
stamen,2858,2138,1037,537,DJI_0541\DJI_0541.JPG,5280,3956
stamen,4695,1950,585,596,DJI_0541\DJI_0541.JPG,5280,3956
stamen,745,2759,696,583,DJI_0541\DJI_0541.JPG,5280,3956
stamen,1,2830,690,895,DJI_0541\DJI_0541.JPG,5280,3956
stamen,4951,2739,328,394,DJI_0541\DJI_0541.JPG,5280,3956
stamen,1822,2086,581,500,DJI_0541\DJI_0541.JPG,5280,3956
stamen,468,456,1232,782,DJI_0557\DJI_0557.JPG,5280,3956
stamen,1256,1,629,346,DJI_0557\DJI_0557.JPG,5280,3956
stamen,1738,215,588,591,DJI_0557\DJI_0557.JPG,5280,3956
stamen,2188,124,715,729,DJI_0557\DJI_0557.JPG,5280,3956
stamen,1715,2721,679,653,DJI_0557\DJI_0557.JPG,5280,3956
stamen,1209,3550,732,406,DJI_0557\DJI_0557.JPG,5280,3956
stamen,146,2694,749,689,DJI_0557\DJI_0557.JPG,5280,3956
stamen,2313,3248,648,513,DJI_0557\DJI_0557.JPG,5280,3956
stamen,2878,3342,687,614,DJI_0557\DJI_0557.JPG,5280,3956
stamen,3478,3481,826,475,DJI_0557\DJI_0557.JPG,5280,3956
stamen,4230,3054,809,733,DJI_0557\DJI_0557.JPG,5280,3956
stamen,3237,2561,719,626,DJI_0557\DJI_0557.JPG,5280,3956
stamen,3344,1809,615,522,DJI_0557\DJI_0557.JPG,5280,3956
stamen,3446,939,644,880,DJI_0557\DJI_0557.JPG,5280,3956
stamen,4019,717,831,876,DJI_0557\DJI_0557.JPG,5280,3956
stamen,4272,1,589,690,DJI_0557\DJI_0557.JPG,5280,3956
stamen,3752,1,637,668,DJI_0557\DJI_0557.JPG,5280,3956
stamen,2717,981,677,649,DJI_0557\DJI_0557.JPG,5280,3956
stamen,1530,1291,590,479,DJI_0557\DJI_0557.JPG,5280,3956
stamen,316,1,754,374,DJI_0574\DJI_0574.JPG,5280,3956
stamen,1,1230,449,716,DJI_0574\DJI_0574.JPG,5280,3956
stamen,1,746,374,588,DJI_0574\DJI_0574.JPG,5280,3956
stamen,0,1855,941,1028,DJI_0574\DJI_0574.JPG,5280,3956
stamen,854,1959,816,600,DJI_0574\DJI_0574.JPG,5280,3956
stamen,1616,2188,763,417,DJI_0574\DJI_0574.JPG,5280,3956
stamen,1991,2278,710,802,DJI_0574\DJI_0574.JPG,5280,3956
stamen,1008,3030,608,487,DJI_0574\DJI_0574.JPG,5280,3956
stamen,1708,3409,592,547,DJI_0574\DJI_0574.JPG,5280,3956
stamen,984,956,736,588,DJI_0574\DJI_0574.JPG,5280,3956
stamen,2786,2222,634,538,DJI_0574\DJI_0574.JPG,5280,3956
stamen,3564,2304,904,715,DJI_0574\DJI_0574.JPG,5280,3956
stamen,4164,1808,752,566,DJI_0574\DJI_0574.JPG,5280,3956
stamen,4677,1524,603,677,DJI_0574\DJI_0574.JPG,5280,3956
stamen,4680,926,600,414,DJI_0574\DJI_0574.JPG,5280,3956
stamen,3464,415,691,650,DJI_0574\DJI_0574.JPG,5280,3956
stamen,4005,590,561,600,DJI_0574\DJI_0574.JPG,5280,3956
stamen,3552,1,580,468,DJI_0574\DJI_0574.JPG,5280,3956
stamen,2452,1256,455,423,DJI_0574\DJI_0574.JPG,5280,3956
stamen,4348,2991,492,422,DJI_0574\DJI_0574.JPG,5280,3956
stamen,308,1,1187,791,DJI_0599\DJI_0599.JPG,5280,3956
stamen,1,500,369,725,DJI_0599\DJI_0599.JPG,5280,3956
stamen,1079,880,475,275,DJI_0599\DJI_0599.JPG,5280,3956
stamen,1581,397,479,569,DJI_0599\DJI_0599.JPG,5280,3956
stamen,1,1746,349,579,DJI_0599\DJI_0599.JPG,5280,3956
stamen,508,2367,454,254,DJI_0599\DJI_0599.JPG,5280,3956
stamen,1001,1729,589,454,DJI_0599\DJI_0599.JPG,5280,3956
stamen,1139,1336,486,421,DJI_0599\DJI_0599.JPG,5280,3956
stamen,2033,1363,496,571,DJI_0599\DJI_0599.JPG,5280,3956
stamen,2437,1546,550,509,DJI_0599\DJI_0599.JPG,5280,3956
stamen,2895,1734,838,787,DJI_0599\DJI_0599.JPG,5280,3956
stamen,3137,1346,496,475,DJI_0599\DJI_0599.JPG,5280,3956
stamen,2620,484,542,641,DJI_0599\DJI_0599.JPG,5280,3956
stamen,3070,230,596,545,DJI_0599\DJI_0599.JPG,5280,3956
stamen,4654,1030,626,808,DJI_0599\DJI_0599.JPG,5280,3956
stamen,3672,978,311,252,DJI_0599\DJI_0599.JPG,5280,3956
stamen,3908,2448,517,597,DJI_0599\DJI_0599.JPG,5280,3956
stamen,4772,2700,488,336,DJI_0599\DJI_0599.JPG,5280,3956
stamen,2695,3107,419,729,DJI_0599\DJI_0599.JPG,5280,3956
stamen,2108,3524,717,408,DJI_0599\DJI_0599.JPG,5280,3956
stamen,541,3025,1337,928,DJI_0599\DJI_0599.JPG,5280,3956
stamen,2033,2361,375,442,DJI_0599\DJI_0599.JPG,5280,3956
stamen,3725,573,217,205,DJI_0599\DJI_0599.JPG,5280,3956
stamen,3284,3072,861,735,DJI_0599\DJI_0599.JPG,5280,3956
stamen,2567,1272,302,223,DJI_0602\DJI_0602.JPG,5280,3956
stamen,1490,2535,579,457,DJI_0602\DJI_0602.JPG,5280,3956
stamen,2079,2617,1121,653,DJI_0602\DJI_0602.JPG,5280,3956
stamen,1827,1498,587,662,DJI_0602\DJI_0602.JPG,5280,3956
stamen,3870,1748,589,567,DJI_0602\DJI_0602.JPG,5280,3956
stamen,4361,1769,398,420,DJI_0602\DJI_0602.JPG,5280,3956
stamen,5044,1776,136,135,DJI_0602\DJI_0602.JPG,5280,3956
stamen,4282,1457,513,243,DJI_0602\DJI_0602.JPG,5280,3956
stamen,4605,2559,533,516,DJI_0602\DJI_0602.JPG,5280,3956
stamen,2760,3319,439,566,DJI_0602\DJI_0602.JPG,5280,3956
stamen,683,3234,689,317,DJI_0602\DJI_0602.JPG,5280,3956
stamen,0,1861,657,1196,DJI_0602\DJI_0602.JPG,5280,3956
stamen,0,1545,678,345,DJI_0602\DJI_0602.JPG,5280,3956
stamen,3041,261,338,296,DJI_0602\DJI_0602.JPG,5280,3956
stamen,4001,0,656,813,DJI_0602\DJI_0602.JPG,5280,3956
stamen,4733,30,546,658,DJI_0602\DJI_0602.JPG,5280,3956
stamen,3347,0,583,325,DJI_0602\DJI_0602.JPG,5280,3956
stamen,1647,0,1425,583,DJI_0602\DJI_0602.JPG,5280,3956
stamen,688,146,799,574,DJI_0602\DJI_0602.JPG,5280,3956
stamen,0,0,306,352,DJI_0602\DJI_0602.JPG,5280,3956
stamen,1842,729,572,318,DJI_0602\DJI_0602.JPG,5280,3956
stamen,0,559,1313,707,DJI_0602\DJI_0602.JPG,5280,3956
stamen,5066,3163,213,510,DJI_0602\DJI_0602.JPG,5280,3956
stamen,2371,2149,278,311,DJI_0602\DJI_0602.JPG,5280,3956
stamen,617,1919,491,637,DJI_0602\DJI_0602.JPG,5280,3956
stamen,481,2625,620,496,DJI_0602\DJI_0602.JPG,5280,3956
stamen,1984,3830,323,125,DJI_0602\DJI_0602.JPG,5280,3956
stamen,1,1,357,858,DJI_0573\DJI_0573.JPG,5280,3956
stamen,1,796,974,959,DJI_0573\DJI_0573.JPG,5280,3956
stamen,1095,1909,567,475,DJI_0573\DJI_0573.JPG,5280,3956
stamen,1701,2185,619,522,DJI_0573\DJI_0573.JPG,5280,3956
stamen,2333,2459,629,604,DJI_0573\DJI_0573.JPG,5280,3956
stamen,879,696,858,796,DJI_0573\DJI_0573.JPG,5280,3956
stamen,1670,925,725,546,DJI_0573\DJI_0573.JPG,5280,3956
stamen,1925,1048,804,859,DJI_0573\DJI_0573.JPG,5280,3956
stamen,979,1,787,379,DJI_0573\DJI_0573.JPG,5280,3956
stamen,2204,3671,646,285,DJI_0573\DJI_0573.JPG,5280,3956
stamen,3345,3225,815,731,DJI_0573\DJI_0573.JPG,5280,3956
stamen,4600,2955,680,662,DJI_0573\DJI_0573.JPG,5280,3956
stamen,3513,1147,814,607,DJI_0573\DJI_0573.JPG,5280,3956
stamen,2750,1171,675,421,DJI_0573\DJI_0573.JPG,5280,3956
stamen,2422,143,437,554,DJI_0573\DJI_0573.JPG,5280,3956
stamen,3608,355,592,483,DJI_0573\DJI_0573.JPG,5280,3956
stamen,4166,538,686,643,DJI_0573\DJI_0573.JPG,5280,3956
stamen,4759,374,521,636,DJI_0573\DJI_0573.JPG,5280,3956
stamen,4239,1731,531,395,DJI_0573\DJI_0573.JPG,5280,3956
stamen,4775,1542,505,393,DJI_0573\DJI_0573.JPG,5280,3956
stamen,707,2415,385,229,DJI_0573\DJI_0573.JPG,5280,3956
stamen,449,3634,551,321,DJI_0573\DJI_0573.JPG,5280,3956
stamen,3083,1292,690,508,DJI_0604\DJI_0604.JPG,5280,3956
stamen,3557,336,215,362,DJI_0604\DJI_0604.JPG,5280,3956
stamen,4622,77,186,223,DJI_0604\DJI_0604.JPG,5280,3956
stamen,4954,0,299,219,DJI_0604\DJI_0604.JPG,5280,3956
stamen,4781,511,498,469,DJI_0604\DJI_0604.JPG,5280,3956
stamen,4753,919,526,466,DJI_0604\DJI_0604.JPG,5280,3956
stamen,4257,1318,377,248,DJI_0604\DJI_0604.JPG,5280,3956
stamen,4410,1607,503,313,DJI_0604\DJI_0604.JPG,5280,3956
stamen,2104,0,825,467,DJI_0604\DJI_0604.JPG,5280,3956
stamen,1400,0,717,496,DJI_0604\DJI_0604.JPG,5280,3956
stamen,449,0,967,608,DJI_0604\DJI_0604.JPG,5280,3956
stamen,970,548,423,349,DJI_0604\DJI_0604.JPG,5280,3956
stamen,54,248,724,1121,DJI_0604\DJI_0604.JPG,5280,3956
stamen,410,1396,573,344,DJI_0604\DJI_0604.JPG,5280,3956
stamen,2379,1506,385,253,DJI_0604\DJI_0604.JPG,5280,3956
stamen,2260,1819,424,330,DJI_0604\DJI_0604.JPG,5280,3956
stamen,1740,1962,359,451,DJI_0604\DJI_0604.JPG,5280,3956
stamen,1711,2482,475,478,DJI_0604\DJI_0604.JPG,5280,3956
stamen,1183,2819,576,484,DJI_0604\DJI_0604.JPG,5280,3956
stamen,1499,3039,1174,917,DJI_0604\DJI_0604.JPG,5280,3956
stamen,0,2455,415,983,DJI_0604\DJI_0604.JPG,5280,3956
stamen,4272,1911,589,412,DJI_0604\DJI_0604.JPG,5280,3956
stamen,3536,2664,359,319,DJI_0604\DJI_0604.JPG,5280,3956
stamen,4313,2525,208,196,DJI_0604\DJI_0604.JPG,5280,3956
stamen,4986,2540,293,286,DJI_0604\DJI_0604.JPG,5280,3956
stamen,3397,3218,165,151,DJI_0604\DJI_0604.JPG,5280,3956
stamen,2475,3041,96,149,DJI_0604\DJI_0604.JPG,5280,3956
stamen,3573,3088,101,108,DJI_0604\DJI_0604.JPG,5280,3956
stamen,3359,2972,165,131,DJI_0604\DJI_0604.JPG,5280,3956
stamen,3013,2983,223,132,DJI_0604\DJI_0604.JPG,5280,3956
stamen,2526,2586,214,147,DJI_0604\DJI_0604.JPG,5280,3956
stamen,4395,2815,263,178,DJI_0604\DJI_0604.JPG,5280,3956
stamen,4351,3021,364,364,DJI_0604\DJI_0604.JPG,5280,3956
stamen,3126,1833,138,105,DJI_0604\DJI_0604.JPG,5280,3956
stamen,4227,3781,189,174,DJI_0604\DJI_0604.JPG,5280,3956
stamen,4620,3779,113,176,DJI_0604\DJI_0604.JPG,5280,3956
stamen,5183,3099,96,201,DJI_0604\DJI_0604.JPG,5280,3956
stamen,4310,477,243,308,DJI_0604\DJI_0604.JPG,5280,3956
stamen,3788,1259,172,125,DJI_0604\DJI_0604.JPG,5280,3956
stamen,3614,983,136,218,DJI_0604\DJI_0604.JPG,5280,3956
stamen,3710,3749,124,184,DJI_0604\DJI_0604.JPG,5280,3956
stamen,0,1982,121,186,DJI_0604\DJI_0604.JPG,5280,3956
stamen,3214,0,231,255,DJI_0604\DJI_0604.JPG,5280,3956
stamen,3793,0,218,214,DJI_0604\DJI_0604.JPG,5280,3956
stamen,595,542,742,1130,DJI_0537\DJI_0537.JPG,5280,3956
stamen,1270,563,957,1072,DJI_0537\DJI_0537.JPG,5280,3956
stamen,2186,633,637,568,DJI_0537\DJI_0537.JPG,5280,3956
stamen,1970,1179,714,752,DJI_0537\DJI_0537.JPG,5280,3956
stamen,2607,972,800,845,DJI_0537\DJI_0537.JPG,5280,3956
stamen,3209,294,423,366,DJI_0537\DJI_0537.JPG,5280,3956
stamen,590,2554,994,815,DJI_0537\DJI_0537.JPG,5280,3956
stamen,2130,1779,1088,925,DJI_0537\DJI_0537.JPG,5280,3956
stamen,1895,2526,1082,780,DJI_0537\DJI_0537.JPG,5280,3956
stamen,3066,2166,600,764,DJI_0537\DJI_0537.JPG,5280,3956
stamen,4268,1540,925,968,DJI_0537\DJI_0537.JPG,5280,3956
stamen,4255,142,779,727,DJI_0537\DJI_0537.JPG,5280,3956
stamen,4713,895,562,441,DJI_0537\DJI_0537.JPG,5280,3956
stamen,4977,88,303,870,DJI_0537\DJI_0537.JPG,5280,3956
stamen,4334,3406,871,550,DJI_0537\DJI_0537.JPG,5280,3956
stamen,1631,3454,967,501,DJI_0537\DJI_0537.JPG,5280,3956
stamen,1,2163,377,462,DJI_0537\DJI_0537.JPG,5280,3956
stamen,321,3672,745,284,DJI_0537\DJI_0537.JPG,5280,3956
stamen,4814,2765,466,745,DJI_0537\DJI_0537.JPG,5280,3956
stamen,1784,0,300,278,DJI_0537\DJI_0537.JPG,5280,3956
stamen,548,0,578,407,DJI_0537\DJI_0537.JPG,5280,3956
stamen,925,2113,835,712,DJI_0537\DJI_0537.JPG,5280,3956
stamen,619,2378,365,188,DJI_0537\DJI_0537.JPG,5280,3956
stamen,4178,1083,482,371,DJI_0537\DJI_0537.JPG,5280,3956
stamen,1,3054,959,843,DJI_0547\DJI_0547.JPG,5280,3956
stamen,1486,2483,621,718,DJI_0547\DJI_0547.JPG,5280,3956
stamen,1019,3172,756,784,DJI_0547\DJI_0547.JPG,5280,3956
stamen,1752,3231,641,650,DJI_0547\DJI_0547.JPG,5280,3956
stamen,2280,3165,759,791,DJI_0547\DJI_0547.JPG,5280,3956
stamen,2260,1830,681,587,DJI_0547\DJI_0547.JPG,5280,3956
stamen,2456,1422,600,491,DJI_0547\DJI_0547.JPG,5280,3956
stamen,2623,863,807,643,DJI_0547\DJI_0547.JPG,5280,3956
stamen,1748,506,471,654,DJI_0547\DJI_0547.JPG,5280,3956
stamen,3450,2090,693,716,DJI_0547\DJI_0547.JPG,5280,3956
stamen,3757,3054,775,581,DJI_0547\DJI_0547.JPG,5280,3956
stamen,4893,1633,221,282,DJI_0547\DJI_0547.JPG,5280,3956
stamen,4239,3697,786,259,DJI_0547\DJI_0547.JPG,5280,3956
stamen,3832,910,534,548,DJI_0547\DJI_0547.JPG,5280,3956
stamen,4159,774,518,486,DJI_0547\DJI_0547.JPG,5280,3956
stamen,4661,1063,432,363,DJI_0547\DJI_0547.JPG,5280,3956
stamen,5027,829,253,525,DJI_0547\DJI_0547.JPG,5280,3956
stamen,4300,230,484,301,DJI_0547\DJI_0547.JPG,5280,3956
stamen,3132,1744,463,269,DJI_0547\DJI_0547.JPG,5280,3956
stamen,336,1405,602,449,DJI_0547\DJI_0547.JPG,5280,3956
stamen,0,502,325,623,DJI_0547\DJI_0547.JPG,5280,3956
stamen,1394,1,531,282,DJI_0547\DJI_0547.JPG,5280,3956
stamen,0,1444,189,364,DJI_0547\DJI_0547.JPG,5280,3956
stamen,322,0,721,613,DJI_0547\DJI_0547.JPG,5280,3956
stamen,591,380,1209,1066,DJI_0598\DJI_0598.JPG,5280,3956
stamen,87,1121,796,579,DJI_0598\DJI_0598.JPG,5280,3956
stamen,213,2059,850,536,DJI_0598\DJI_0598.JPG,5280,3956
stamen,104,2755,1000,816,DJI_0598\DJI_0598.JPG,5280,3956
stamen,1109,1713,528,324,DJI_0598\DJI_0598.JPG,5280,3956
stamen,2001,951,579,285,DJI_0598\DJI_0598.JPG,5280,3956
stamen,2550,559,545,637,DJI_0598\DJI_0598.JPG,5280,3956
stamen,1990,83,170,262,DJI_0598\DJI_0598.JPG,5280,3956
stamen,2416,1409,896,996,DJI_0598\DJI_0598.JPG,5280,3956
stamen,2908,2125,750,542,DJI_0598\DJI_0598.JPG,5280,3956
stamen,3291,1192,563,433,DJI_0598\DJI_0598.JPG,5280,3956
stamen,3142,663,748,479,DJI_0598\DJI_0598.JPG,5280,3956
stamen,3770,1,459,524,DJI_0598\DJI_0598.JPG,5280,3956
stamen,4475,88,566,354,DJI_0598\DJI_0598.JPG,5280,3956
stamen,4645,1500,635,775,DJI_0598\DJI_0598.JPG,5280,3956
stamen,3966,1842,767,496,DJI_0598\DJI_0598.JPG,5280,3956
stamen,4458,2209,446,541,DJI_0598\DJI_0598.JPG,5280,3956
stamen,3537,2500,383,350,DJI_0598\DJI_0598.JPG,5280,3956
stamen,2008,2259,537,487,DJI_0598\DJI_0598.JPG,5280,3956
stamen,1775,2709,995,833,DJI_0598\DJI_0598.JPG,5280,3956
stamen,2104,3642,480,314,DJI_0598\DJI_0598.JPG,5280,3956
stamen,1462,3688,579,268,DJI_0598\DJI_0598.JPG,5280,3956
stamen,1,80,474,566,DJI_0576\DJI_0576.JPG,5280,3956
stamen,837,1,1042,558,DJI_0576\DJI_0576.JPG,5280,3956
stamen,720,1617,571,329,DJI_0576\DJI_0576.JPG,5280,3956
stamen,1004,2421,958,729,DJI_0576\DJI_0576.JPG,5280,3956
stamen,2187,2259,517,371,DJI_0576\DJI_0576.JPG,5280,3956
stamen,1666,1034,629,537,DJI_0576\DJI_0576.JPG,5280,3956
stamen,2829,221,366,321,DJI_0576\DJI_0576.JPG,5280,3956
stamen,1825,1,558,554,DJI_0576\DJI_0576.JPG,5280,3956
stamen,3137,1,696,274,DJI_0576\DJI_0576.JPG,5280,3956
stamen,3904,180,341,412,DJI_0576\DJI_0576.JPG,5280,3956
stamen,4308,1013,492,529,DJI_0576\DJI_0576.JPG,5280,3956
stamen,4887,1059,393,525,DJI_0576\DJI_0576.JPG,5280,3956
stamen,4437,2080,843,1179,DJI_0576\DJI_0576.JPG,5280,3956
stamen,2941,1942,1317,825,DJI_0576\DJI_0576.JPG,5280,3956
stamen,2533,1288,854,733,DJI_0576\DJI_0576.JPG,5280,3956
stamen,2604,2730,991,850,DJI_0576\DJI_0576.JPG,5280,3956
stamen,2962,3496,675,421,DJI_0576\DJI_0576.JPG,5280,3956
stamen,4179,3325,633,530,DJI_0576\DJI_0576.JPG,5280,3956
stamen,1,560,344,462,DJI_0576\DJI_0576.JPG,5280,3956
stamen,61,2151,446,312,DJI_0576\DJI_0576.JPG,5280,3956
stamen,1470,2951,728,703,DJI_0576\DJI_0576.JPG,5280,3956
stamen,2414,492,304,300,DJI_0576\DJI_0576.JPG,5280,3956
stamen,1554,29,691,825,DJI_0613\DJI_0613.JPG,5280,3956
stamen,2133,1,758,272,DJI_0613\DJI_0613.JPG,5280,3956
stamen,862,1403,988,692,DJI_0613\DJI_0613.JPG,5280,3956
stamen,100,1378,472,333,DJI_0613\DJI_0613.JPG,5280,3956
stamen,187,2220,692,446,DJI_0613\DJI_0613.JPG,5280,3956
stamen,1016,2116,646,341,DJI_0613\DJI_0613.JPG,5280,3956
stamen,1716,1991,534,533,DJI_0613\DJI_0613.JPG,5280,3956
stamen,1154,2974,741,471,DJI_0613\DJI_0613.JPG,5280,3956
stamen,262,3141,813,520,DJI_0613\DJI_0613.JPG,5280,3956
stamen,1,3574,674,382,DJI_0613\DJI_0613.JPG,5280,3956
stamen,1587,3286,888,670,DJI_0613\DJI_0613.JPG,5280,3956
stamen,3210,2130,609,595,DJI_0613\DJI_0613.JPG,5280,3956
stamen,2179,698,562,459,DJI_0613\DJI_0613.JPG,5280,3956
stamen,2791,373,888,897,DJI_0613\DJI_0613.JPG,5280,3956
stamen,3983,1,312,353,DJI_0613\DJI_0613.JPG,5280,3956
stamen,4387,1757,517,454,DJI_0613\DJI_0613.JPG,5280,3956
stamen,3795,3324,1034,632,DJI_0613\DJI_0613.JPG,5280,3956
stamen,3333,1766,362,345,DJI_0613\DJI_0613.JPG,5280,3956
stamen,2770,1170,684,733,DJI_0613\DJI_0613.JPG,5280,3956
stamen,4971,3685,249,193,DJI_0613\DJI_0613.JPG,5280,3956
stamen,0,2760,348,626,DJI_0613\DJI_0613.JPG,5280,3956
stamen,1374,0,397,305,DJI_0613\DJI_0613.JPG,5280,3956
stamen,3407,2633,306,238,DJI_0613\DJI_0613.JPG,5280,3956
stamen,3404,0,591,619,DJI_0613\DJI_0613.JPG,5280,3956
stamen,4240,0,480,342,DJI_0613\DJI_0613.JPG,5280,3956
stamen,1081,3818,294,137,DJI_0613\DJI_0613.JPG,5280,3956
stamen,379,848,783,709,DJI_0617\DJI_0617.JPG,5280,3956
stamen,962,1357,538,279,DJI_0617\DJI_0617.JPG,5280,3956
stamen,1,1978,578,921,DJI_0617\DJI_0617.JPG,5280,3956
stamen,1820,1299,909,696,DJI_0617\DJI_0617.JPG,5280,3956
stamen,1391,1482,579,638,DJI_0617\DJI_0617.JPG,5280,3956
stamen,1308,2645,837,904,DJI_0617\DJI_0617.JPG,5280,3956
stamen,1920,2949,850,879,DJI_0617\DJI_0617.JPG,5280,3956
stamen,2366,2136,829,892,DJI_0617\DJI_0617.JPG,5280,3956
stamen,3175,1019,666,588,DJI_0617\DJI_0617.JPG,5280,3956
stamen,3308,240,533,641,DJI_0617\DJI_0617.JPG,5280,3956
stamen,4148,689,559,717,DJI_0617\DJI_0617.JPG,5280,3956
stamen,3962,2032,696,650,DJI_0617\DJI_0617.JPG,5280,3956
stamen,3258,1611,917,909,DJI_0617\DJI_0617.JPG,5280,3956
stamen,4641,1599,563,579,DJI_0617\DJI_0617.JPG,5280,3956
stamen,604,1,919,825,DJI_0617\DJI_0617.JPG,5280,3956
stamen,3526,3680,309,275,DJI_0617\DJI_0617.JPG,5280,3956
stamen,4201,1428,456,332,DJI_0617\DJI_0617.JPG,5280,3956
stamen,4628,1087,346,339,DJI_0617\DJI_0617.JPG,5280,3956
stamen,208,1125,925,909,DJI_0536\DJI_0536.JPG,5280,3956
stamen,2952,478,714,921,DJI_0536\DJI_0536.JPG,5280,3956
stamen,4262,1963,833,675,DJI_0536\DJI_0536.JPG,5280,3956
stamen,4358,1488,858,546,DJI_0536\DJI_0536.JPG,5280,3956
stamen,409,2313,951,1165,DJI_0536\DJI_0536.JPG,5280,3956
stamen,1322,2542,803,1131,DJI_0536\DJI_0536.JPG,5280,3956
stamen,2184,2489,659,655,DJI_0536\DJI_0536.JPG,5280,3956
stamen,1925,3056,676,827,DJI_0536\DJI_0536.JPG,5280,3956
stamen,2632,2906,866,936,DJI_0536\DJI_0536.JPG,5280,3956
stamen,3164,1990,547,534,DJI_0536\DJI_0536.JPG,5280,3956
stamen,4682,2569,598,698,DJI_0536\DJI_0536.JPG,5280,3956
stamen,3902,3206,682,718,DJI_0536\DJI_0536.JPG,5280,3956
stamen,4661,3660,539,296,DJI_0536\DJI_0536.JPG,5280,3956
stamen,1154,1101,512,488,DJI_0536\DJI_0536.JPG,5280,3956
stamen,1778,1503,360,359,DJI_0536\DJI_0536.JPG,5280,3956
stamen,2431,3783,729,172,DJI_0536\DJI_0536.JPG,5280,3956
stamen,4950,2119,329,547,DJI_0536\DJI_0536.JPG,5280,3956
stamen,4195,2849,616,452,DJI_0536\DJI_0536.JPG,5280,3956
stamen,1651,751,587,762,DJI_0536\DJI_0536.JPG,5280,3956
stamen,2874,0,228,171,DJI_0536\DJI_0536.JPG,5280,3956
stamen,4392,159,351,173,DJI_0536\DJI_0536.JPG,5280,3956
stamen,4997,277,282,325,DJI_0536\DJI_0536.JPG,5280,3956
stamen,1678,2266,412,242,DJI_0536\DJI_0536.JPG,5280,3956
stamen,3572,712,813,728,DJI_0536\DJI_0536.JPG,5280,3956
stamen,418,2235,793,630,DJI_0556\DJI_0556.JPG,5280,3956
stamen,730,2601,881,762,DJI_0556\DJI_0556.JPG,5280,3956
stamen,1082,1692,709,571,DJI_0556\DJI_0556.JPG,5280,3956
stamen,1407,574,648,664,DJI_0556\DJI_0556.JPG,5280,3956
stamen,1939,908,650,611,DJI_0556\DJI_0556.JPG,5280,3956
stamen,1357,172,768,520,DJI_0556\DJI_0556.JPG,5280,3956
stamen,1714,1,686,584,DJI_0556\DJI_0556.JPG,5280,3956
stamen,3359,565,514,532,DJI_0556\DJI_0556.JPG,5280,3956
stamen,4289,1451,766,668,DJI_0556\DJI_0556.JPG,5280,3956
stamen,3782,1869,686,610,DJI_0556\DJI_0556.JPG,5280,3956
stamen,4370,2010,575,659,DJI_0556\DJI_0556.JPG,5280,3956
stamen,3684,2517,1257,1034,DJI_0556\DJI_0556.JPG,5280,3956
stamen,3320,2994,896,771,DJI_0556\DJI_0556.JPG,5280,3956
stamen,2732,3033,766,682,DJI_0556\DJI_0556.JPG,5280,3956
stamen,1461,2149,732,652,DJI_0556\DJI_0556.JPG,5280,3956
stamen,2123,2010,822,764,DJI_0556\DJI_0556.JPG,5280,3956
stamen,2527,1408,598,455,DJI_0556\DJI_0556.JPG,5280,3956
stamen,1420,3272,748,618,DJI_0556\DJI_0556.JPG,5280,3956
stamen,300,1226,309,353,DJI_0556\DJI_0556.JPG,5280,3956
stamen,3420,3744,621,212,DJI_0556\DJI_0556.JPG,5280,3956
stamen,533,809,1083,1087,DJI_0569\DJI_0569.JPG,5280,3956
stamen,1,2071,682,700,DJI_0569\DJI_0569.JPG,5280,3956
stamen,429,2350,750,488,DJI_0569\DJI_0569.JPG,5280,3956
stamen,1,3088,828,868,DJI_0569\DJI_0569.JPG,5280,3956
stamen,1083,2580,929,812,DJI_0569\DJI_0569.JPG,5280,3956
stamen,1662,1925,838,830,DJI_0569\DJI_0569.JPG,5280,3956
stamen,2391,2405,717,745,DJI_0569\DJI_0569.JPG,5280,3956
stamen,1937,750,1075,813,DJI_0569\DJI_0569.JPG,5280,3956
stamen,2958,859,675,583,DJI_0569\DJI_0569.JPG,5280,3956
stamen,4529,930,751,612,DJI_0569\DJI_0569.JPG,5280,3956
stamen,4608,84,672,596,DJI_0569\DJI_0569.JPG,5280,3956
stamen,4691,1696,589,613,DJI_0569\DJI_0569.JPG,5280,3956
stamen,4191,2600,625,492,DJI_0569\DJI_0569.JPG,5280,3956
stamen,4766,2963,514,450,DJI_0569\DJI_0569.JPG,5280,3956
stamen,3180,2640,413,398,DJI_0569\DJI_0569.JPG,5280,3956
stamen,3500,365,645,516,DJI_0569\DJI_0569.JPG,5280,3956
stamen,1491,695,600,581,DJI_0601\DJI_0601.JPG,5280,3956
stamen,1142,947,448,415,DJI_0601\DJI_0601.JPG,5280,3956
stamen,3058,0,764,969,DJI_0601\DJI_0601.JPG,5280,3956
stamen,2240,0,739,653,DJI_0601\DJI_0601.JPG,5280,3956
stamen,3716,18,342,424,DJI_0601\DJI_0601.JPG,5280,3956
stamen,4064,0,509,158,DJI_0601\DJI_0601.JPG,5280,3956
stamen,4835,0,150,279,DJI_0601\DJI_0601.JPG,5280,3956
stamen,5045,284,234,570,DJI_0601\DJI_0601.JPG,5280,3956
stamen,3782,720,1125,693,DJI_0601\DJI_0601.JPG,5280,3956
stamen,4951,975,328,401,DJI_0601\DJI_0601.JPG,5280,3956
stamen,5010,2027,233,567,DJI_0601\DJI_0601.JPG,5280,3956
stamen,3925,1816,945,1467,DJI_0601\DJI_0601.JPG,5280,3956
stamen,3503,1418,474,653,DJI_0601\DJI_0601.JPG,5280,3956
stamen,4101,1657,208,309,DJI_0601\DJI_0601.JPG,5280,3956
stamen,294,483,531,392,DJI_0601\DJI_0601.JPG,5280,3956
stamen,126,211,395,183,DJI_0601\DJI_0601.JPG,5280,3956
stamen,0,915,517,752,DJI_0601\DJI_0601.JPG,5280,3956
stamen,251,1454,868,907,DJI_0601\DJI_0601.JPG,5280,3956
stamen,1053,2110,536,627,DJI_0601\DJI_0601.JPG,5280,3956
stamen,1816,1398,867,953,DJI_0601\DJI_0601.JPG,5280,3956
stamen,2641,2451,706,525,DJI_0601\DJI_0601.JPG,5280,3956
stamen,3384,2365,580,595,DJI_0601\DJI_0601.JPG,5280,3956
stamen,2417,3301,475,436,DJI_0601\DJI_0601.JPG,5280,3956
stamen,2154,2603,565,692,DJI_0601\DJI_0601.JPG,5280,3956
stamen,1741,2387,277,244,DJI_0601\DJI_0601.JPG,5280,3956
stamen,0,2381,498,664,DJI_0601\DJI_0601.JPG,5280,3956
stamen,0,3096,148,338,DJI_0601\DJI_0601.JPG,5280,3956
stamen,19,3413,553,542,DJI_0601\DJI_0601.JPG,5280,3956
stamen,1311,3501,443,454,DJI_0601\DJI_0601.JPG,5280,3956
stamen,4536,3805,334,150,DJI_0601\DJI_0601.JPG,5280,3956
stamen,2712,909,779,629,DJI_0577\DJI_0577.JPG,5280,3956
stamen,2360,1034,364,214,DJI_0577\DJI_0577.JPG,5280,3956
stamen,350,2872,904,687,DJI_0577\DJI_0577.JPG,5280,3956
stamen,1366,3066,821,890,DJI_0577\DJI_0577.JPG,5280,3956
stamen,2012,3067,888,821,DJI_0577\DJI_0577.JPG,5280,3956
stamen,2860,3167,810,658,DJI_0577\DJI_0577.JPG,5280,3956
stamen,3554,3601,788,355,DJI_0577\DJI_0577.JPG,5280,3956
stamen,3919,1648,804,563,DJI_0577\DJI_0577.JPG,5280,3956
stamen,4701,1542,578,547,DJI_0577\DJI_0577.JPG,5280,3956
stamen,4713,326,567,510,DJI_0577\DJI_0577.JPG,5280,3956
stamen,3829,2430,875,516,DJI_0577\DJI_0577.JPG,5280,3956
stamen,3437,2207,458,347,DJI_0577\DJI_0577.JPG,5280,3956
stamen,4937,2792,343,613,DJI_0577\DJI_0577.JPG,5280,3956
stamen,1,3636,1000,318,DJI_0577\DJI_0577.JPG,5280,3956
stamen,415,1300,662,507,DJI_0545\DJI_0545.JPG,5280,3956
stamen,1,2051,753,907,DJI_0545\DJI_0545.JPG,5280,3956
stamen,1,1524,287,411,DJI_0545\DJI_0545.JPG,5280,3956
stamen,2435,297,821,862,DJI_0545\DJI_0545.JPG,5280,3956
stamen,1353,2100,718,588,DJI_0545\DJI_0545.JPG,5280,3956
stamen,1782,1512,621,594,DJI_0545\DJI_0545.JPG,5280,3956
stamen,862,3138,803,677,DJI_0545\DJI_0545.JPG,5280,3956
stamen,1821,2791,805,797,DJI_0545\DJI_0545.JPG,5280,3956
stamen,4576,1082,704,897,DJI_0545\DJI_0545.JPG,5280,3956
stamen,4106,3432,570,453,DJI_0545\DJI_0545.JPG,5280,3956
stamen,3509,1791,438,359,DJI_0545\DJI_0545.JPG,5280,3956
stamen,2915,697,844,838,DJI_0545\DJI_0545.JPG,5280,3956
stamen,3597,532,944,939,DJI_0545\DJI_0545.JPG,5280,3956
stamen,3095,1688,380,272,DJI_0545\DJI_0545.JPG,5280,3956
stamen,3855,2113,872,779,DJI_0545\DJI_0545.JPG,5280,3956
stamen,1141,833,600,461,DJI_0545\DJI_0545.JPG,5280,3956
stamen,4441,479,479,440,DJI_0545\DJI_0545.JPG,5280,3956
stamen,3470,0,393,321,DJI_0545\DJI_0545.JPG,5280,3956
stamen,5042,222,237,503,DJI_0545\DJI_0545.JPG,5280,3956
stamen,4562,0,493,261,DJI_0545\DJI_0545.JPG,5280,3956
stamen,2091,1077,238,194,DJI_0545\DJI_0545.JPG,5280,3956
stamen,2448,1061,538,564,DJI_0545\DJI_0545.JPG,5280,3956
stamen,3764,2894,293,504,DJI_0545\DJI_0545.JPG,5280,3956
stamen,4048,0,296,155,DJI_0545\DJI_0545.JPG,5280,3956
stamen,211,0,690,293,DJI_0607\DJI_0607.JPG,5280,3956
stamen,948,395,518,600,DJI_0607\DJI_0607.JPG,5280,3956
stamen,1848,324,754,675,DJI_0607\DJI_0607.JPG,5280,3956
stamen,1908,944,692,497,DJI_0607\DJI_0607.JPG,5280,3956
stamen,1770,1366,784,608,DJI_0607\DJI_0607.JPG,5280,3956
stamen,1,1778,459,342,DJI_0607\DJI_0607.JPG,5280,3956
stamen,1412,2307,775,679,DJI_0607\DJI_0607.JPG,5280,3956
stamen,284,3289,768,667,DJI_0607\DJI_0607.JPG,5280,3956
stamen,1229,3020,762,662,DJI_0607\DJI_0607.JPG,5280,3956
stamen,1954,2603,1166,996,DJI_0607\DJI_0607.JPG,5280,3956
stamen,2662,1023,421,401,DJI_0607\DJI_0607.JPG,5280,3956
stamen,3062,1228,658,621,DJI_0607\DJI_0607.JPG,5280,3956
stamen,2933,1,780,588,DJI_0607\DJI_0607.JPG,5280,3956
stamen,4017,394,355,284,DJI_0607\DJI_0607.JPG,5280,3956
stamen,3633,1,537,359,DJI_0607\DJI_0607.JPG,5280,3956
stamen,4725,430,555,859,DJI_0607\DJI_0607.JPG,5280,3956
stamen,3759,1960,672,507,DJI_0607\DJI_0607.JPG,5280,3956
stamen,3750,3107,587,492,DJI_0607\DJI_0607.JPG,5280,3956
stamen,1507,3576,791,380,DJI_0607\DJI_0607.JPG,5280,3956
stamen,3390,3589,901,367,DJI_0607\DJI_0607.JPG,5280,3956
stamen,4361,2347,657,436,DJI_0607\DJI_0607.JPG,5280,3956
stamen,4984,2472,296,438,DJI_0607\DJI_0607.JPG,5280,3956
stamen,487,142,704,567,DJI_0568\DJI_0568.JPG,5280,3956
stamen,50,1,591,691,DJI_0568\DJI_0568.JPG,5280,3956
stamen,1,942,765,1071,DJI_0568\DJI_0568.JPG,5280,3956
stamen,1,2963,619,993,DJI_0568\DJI_0568.JPG,5280,3956
stamen,541,2867,892,650,DJI_0568\DJI_0568.JPG,5280,3956
stamen,1400,1784,683,487,DJI_0568\DJI_0568.JPG,5280,3956
stamen,1225,363,800,758,DJI_0568\DJI_0568.JPG,5280,3956
stamen,1737,1,729,516,DJI_0568\DJI_0568.JPG,5280,3956
stamen,1962,409,433,337,DJI_0568\DJI_0568.JPG,5280,3956
stamen,2445,242,680,738,DJI_0568\DJI_0568.JPG,5280,3956
stamen,2104,3255,587,504,DJI_0568\DJI_0568.JPG,5280,3956
stamen,4266,409,475,558,DJI_0568\DJI_0568.JPG,5280,3956
stamen,4637,1,417,220,DJI_0568\DJI_0568.JPG,5280,3956
stamen,4737,850,543,563,DJI_0568\DJI_0568.JPG,5280,3956
stamen,3220,505,430,433,DJI_0568\DJI_0568.JPG,5280,3956
stamen,3607,2408,641,507,DJI_0568\DJI_0568.JPG,5280,3956
stamen,4920,2550,359,265,DJI_0568\DJI_0568.JPG,5280,3956
stamen,1,104,540,450,DJI_0565\DJI_0565.JPG,5280,3956
stamen,1041,297,786,663,DJI_0565\DJI_0565.JPG,5280,3956
stamen,1766,1,816,412,DJI_0565\DJI_0565.JPG,5280,3956
stamen,1,2535,747,907,DJI_0565\DJI_0565.JPG,5280,3956
stamen,727,2349,453,511,DJI_0565\DJI_0565.JPG,5280,3956
stamen,1813,1037,618,656,DJI_0565\DJI_0565.JPG,5280,3956
stamen,2307,2981,686,899,DJI_0565\DJI_0565.JPG,5280,3956
stamen,2837,3419,1393,537,DJI_0565\DJI_0565.JPG,5280,3956
stamen,2853,2141,671,627,DJI_0565\DJI_0565.JPG,5280,3956
stamen,2868,1665,567,511,DJI_0565\DJI_0565.JPG,5280,3956
stamen,2871,1000,817,718,DJI_0565\DJI_0565.JPG,5280,3956
stamen,4035,426,824,842,DJI_0565\DJI_0565.JPG,5280,3956
stamen,4812,544,468,530,DJI_0565\DJI_0565.JPG,5280,3956
stamen,4062,1924,817,752,DJI_0565\DJI_0565.JPG,5280,3956
stamen,3524,1729,629,400,DJI_0565\DJI_0565.JPG,5280,3956
stamen,4724,2732,556,656,DJI_0565\DJI_0565.JPG,5280,3956
stamen,4148,0,393,257,DJI_0565\DJI_0565.JPG,5280,3956
stamen,1,19,840,857,DJI_0563\DJI_0563.JPG,5280,3956
stamen,1,688,792,1136,DJI_0563\DJI_0563.JPG,5280,3956
stamen,1,2442,1190,1064,DJI_0563\DJI_0563.JPG,5280,3956
stamen,1,3388,508,568,DJI_0563\DJI_0563.JPG,5280,3956
stamen,1830,2960,768,787,DJI_0563\DJI_0563.JPG,5280,3956
stamen,1377,3492,718,427,DJI_0563\DJI_0563.JPG,5280,3956
stamen,1209,1035,691,696,DJI_0563\DJI_0563.JPG,5280,3956
stamen,1900,1776,668,603,DJI_0563\DJI_0563.JPG,5280,3956
stamen,3239,2415,554,591,DJI_0563\DJI_0563.JPG,5280,3956
stamen,3659,1688,866,777,DJI_0563\DJI_0563.JPG,5280,3956
stamen,3066,104,875,1184,DJI_0563\DJI_0563.JPG,5280,3956
stamen,4136,1213,916,809,DJI_0563\DJI_0563.JPG,5280,3956
stamen,4073,2365,916,700,DJI_0563\DJI_0563.JPG,5280,3956
stamen,4698,1726,582,993,DJI_0563\DJI_0563.JPG,5280,3956
stamen,1109,1,782,425,DJI_0563\DJI_0563.JPG,5280,3956
stamen,2309,231,382,370,DJI_0563\DJI_0563.JPG,5280,3956
stamen,2045,1,398,171,DJI_0563\DJI_0563.JPG,5280,3956
stamen,4057,242,702,757,DJI_0563\DJI_0563.JPG,5280,3956
stamen,4948,1,332,203,DJI_0563\DJI_0563.JPG,5280,3956
stamen,845,855,409,293,DJI_0563\DJI_0563.JPG,5280,3956
